Sr,prefix,name,id,type,enumerations,substitutionGroup,balance,periodType,abstract,nillable,typedDomainRef,ext. enum domain,ext. enum linkrole,ext. enum headUsable,comment
1,in-capmkt,Liabilities,in-capmkt_Liabilities,xbrli:monetaryItemType,,xbrli:item,credit,instant,false,true,,,,,
2,in-capmkt,Income,in-capmkt_Income,xbrli:monetaryItemType,,xbrli:item,credit,duration,false,true,,,,,
3,in-capmkt,GeneralInformationAbstract,in-capmkt_GeneralInformationAbstract,xbrli:stringItemType,,xbrli:item,,duration,true,true,,,,,
4,in-capmkt,ScripCode,in-capmkt_ScripCode,in-capmkt-types:ScripCode,,xbrli:item,,duration,false,true,,,,,
5,in-capmkt,NameOfBank,in-capmkt_NameOfBank,xbrli:stringItemType,,xbrli:item,,duration,false,true,,,,,
6,in-capmkt,DateOfBoardMeetingWhenFinancialResultsWereApproved,in-capmkt_DateOfBoardMeetingWhenFinancialResultsWereApproved,xbrli:dateItemType,,xbrli:item,,duration,false,true,,,,,
7,in-capmkt,DateOfStartOfReportingPeriod,in-capmkt_DateOfStartOfReportingPeriod,xbrli:dateItemType,,xbrli:item,,duration,false,true,,,,,
8,in-capmkt,DateOfEndOfReportingPeriod,in-capmkt_DateOfEndOfReportingPeriod,xbrli:dateItemType,,xbrli:item,,duration,false,true,,,,,
9,in-capmkt,NatureOfReportStandaloneConsolidated,in-capmkt_NatureOfReportStandaloneConsolidated,in-capmkt-types:NatureOfReport,(Consolidated) (Standalone) ,xbrli:item,,duration,false,true,,,,,
10,in-capmkt,ReportingQuarter,in-capmkt_ReportingQuarter,in-capmkt-types:ReportingPeriod,(First quarter) (Second quarter) (Third quarter) (Fourth quarter) (Half yearly) (Yearly) ,xbrli:item,,duration,false,true,,,,,
11,in-capmkt,LevelOfRounding,in-capmkt_LevelOfRounding,in-capmkt-types:LevelOfRounding,(Actual) (Thousands) (Lakhs) (Millions) (Billions) (Crores) ,xbrli:item,,duration,false,true,,,,,
12,in-capmkt,WhetherResultsAreAuditedOrUnaudited,in-capmkt_WhetherResultsAreAuditedOrUnaudited,in-capmkt-types:AuditedUnaudited,(Audited) (Unaudited) ,xbrli:item,,duration,false,true,,,,,
13,in-capmkt,IsCompanyReportingMultisegmentOrSingleSegment,in-capmkt_IsCompanyReportingMultisegmentOrSingleSegment,in-capmkt-types:SegmentType,(Single segment) (Multi segment) (Geographical) ,xbrli:item,,duration,false,true,,,,,
14,in-capmkt,DescriptionOfSingleSegment,in-capmkt_DescriptionOfSingleSegment,xbrli:stringItemType,,xbrli:item,,duration,false,true,,,,,
15,in-capmkt,OtherIncome,in-capmkt_OtherIncome,xbrli:monetaryItemType,,xbrli:item,credit,duration,false,true,,,,,
16,in-capmkt,ExpensesAbstract,in-capmkt_ExpensesAbstract,xbrli:stringItemType,,xbrli:item,,duration,true,true,,,,,
17,in-capmkt,TaxExpense,in-capmkt_TaxExpense,xbrli:monetaryItemType,,xbrli:item,debit,duration,false,true,,,,,
18,in-capmkt,DetailsOfPaidUpEquityShareCapitalAbstract,in-capmkt_DetailsOfPaidUpEquityShareCapitalAbstract,xbrli:stringItemType,,xbrli:item,,duration,true,true,,,,,
19,in-capmkt,PaidUpValueOfEquityShareCapital,in-capmkt_PaidUpValueOfEquityShareCapital,xbrli:monetaryItemType,,xbrli:item,,duration,false,true,,,,,
20,in-capmkt,FaceValueOfEquityShareCapital,in-capmkt_FaceValueOfEquityShareCapital,num:perShareItemType,,xbrli:item,,duration,false,true,,,,,
21,in-capmkt,ReserveExcludingRevaluationReserves,in-capmkt_ReserveExcludingRevaluationReserves,xbrli:monetaryItemType,,xbrli:item,credit,duration,false,true,,,,,
22,in-capmkt,EarningsPerShareAbstract,in-capmkt_EarningsPerShareAbstract,xbrli:stringItemType,,xbrli:item,,duration,true,true,,,,,
23,in-capmkt,DisclosureOfNotesOnFinancialResultsExplanatoryTextBlock,in-capmkt_DisclosureOfNotesOnFinancialResultsExplanatoryTextBlock,nonnum:textBlockItemType,,xbrli:item,,duration,false,true,,,,,
24,in-capmkt,StatementOfAssetsAndLiabilitiesAbstract,in-capmkt_StatementOfAssetsAndLiabilitiesAbstract,xbrli:stringItemType,,xbrli:item,,duration,true,true,,,,,
25,in-capmkt,AssetsAbstract,in-capmkt_AssetsAbstract,xbrli:stringItemType,,xbrli:item,,duration,true,true,,,,,
26,in-capmkt,Assets,in-capmkt_Assets,xbrli:monetaryItemType,,xbrli:item,debit,instant,false,true,,,,,
27,in-capmkt,DisclosureOfNotesOnAssetsAndLiabilitiesExplanatoryTextBlock,in-capmkt_DisclosureOfNotesOnAssetsAndLiabilitiesExplanatoryTextBlock,nonnum:textBlockItemType,,xbrli:item,,duration,false,true,,,,,
28,in-capmkt,DisclosuresRelatingToSegmentAbstract,in-capmkt_DisclosuresRelatingToSegmentAbstract,xbrli:stringItemType,,xbrli:item,,duration,true,true,,,,,
29,in-capmkt,DisclosuresRelatingToSegmentRevenueAbstract,in-capmkt_DisclosuresRelatingToSegmentRevenueAbstract,xbrli:stringItemType,,xbrli:item,,duration,true,true,,,,,
30,in-capmkt,DisclosuresRelatingToSegmentRevenueTable,in-capmkt_DisclosuresRelatingToSegmentRevenueTable,xbrli:stringItemType,,xbrldt:hypercubeItem,,duration,true,true,,,,,
31,in-capmkt,ReportableSegmentsAxis,in-capmkt_ReportableSegmentsAxis,xbrli:stringItemType,,xbrldt:dimensionItem,,duration,true,true,,,,,
32,in-capmkt,ReportableSegmentsMember,in-capmkt_ReportableSegmentsMember,nonnum:domainItemType,,xbrli:item,,duration,true,true,,,,,
33,in-capmkt,ReportableSegments1Member,in-capmkt_ReportableSegments1Member,nonnum:domainItemType,,xbrli:item,,duration,true,true,,,,,
34,in-capmkt,ReportableSegments2Member,in-capmkt_ReportableSegments2Member,nonnum:domainItemType,,xbrli:item,,duration,true,true,,,,,
35,in-capmkt,ReportableSegments3Member,in-capmkt_ReportableSegments3Member,nonnum:domainItemType,,xbrli:item,,duration,true,true,,,,,
36,in-capmkt,ReportableSegments4Member,in-capmkt_ReportableSegments4Member,nonnum:domainItemType,,xbrli:item,,duration,true,true,,,,,
37,in-capmkt,ReportableSegments5Member,in-capmkt_ReportableSegments5Member,nonnum:domainItemType,,xbrli:item,,duration,true,true,,,,,
38,in-capmkt,ReportableSegments6Member,in-capmkt_ReportableSegments6Member,nonnum:domainItemType,,xbrli:item,,duration,true,true,,,,,
39,in-capmkt,ReportableSegments7Member,in-capmkt_ReportableSegments7Member,nonnum:domainItemType,,xbrli:item,,duration,true,true,,,,,
40,in-capmkt,ReportableSegments8Member,in-capmkt_ReportableSegments8Member,nonnum:domainItemType,,xbrli:item,,duration,true,true,,,,,
41,in-capmkt,ReportableSegments9Member,in-capmkt_ReportableSegments9Member,nonnum:domainItemType,,xbrli:item,,duration,true,true,,,,,
42,in-capmkt,ReportableSegments10Member,in-capmkt_ReportableSegments10Member,nonnum:domainItemType,,xbrli:item,,duration,true,true,,,,,
43,in-capmkt,ReportableSegments11Member,in-capmkt_ReportableSegments11Member,nonnum:domainItemType,,xbrli:item,,duration,true,true,,,,,
44,in-capmkt,ReportableSegments12Member,in-capmkt_ReportableSegments12Member,nonnum:domainItemType,,xbrli:item,,duration,true,true,,,,,
45,in-capmkt,ReportableSegments13Member,in-capmkt_ReportableSegments13Member,nonnum:domainItemType,,xbrli:item,,duration,true,true,,,,,
46,in-capmkt,ReportableSegments14Member,in-capmkt_ReportableSegments14Member,nonnum:domainItemType,,xbrli:item,,duration,true,true,,,,,
47,in-capmkt,ReportableSegments15Member,in-capmkt_ReportableSegments15Member,nonnum:domainItemType,,xbrli:item,,duration,true,true,,,,,
48,in-capmkt,DisclosuresRelatingToSegmentRevenueLineItems,in-capmkt_DisclosuresRelatingToSegmentRevenueLineItems,xbrli:stringItemType,,xbrli:item,,duration,true,true,,,,,
49,in-capmkt,SegmentRevenue,in-capmkt_SegmentRevenue,xbrli:monetaryItemType,,xbrli:item,credit,duration,false,true,,,,,
50,in-capmkt,InterSegmentRevenue,in-capmkt_InterSegmentRevenue,xbrli:monetaryItemType,,xbrli:item,,duration,false,true,,,,,
51,in-capmkt,DisclosuresRelatingToSegmentResultAbstract,in-capmkt_DisclosuresRelatingToSegmentResultAbstract,xbrli:stringItemType,,xbrli:item,,duration,true,true,,,,,
52,in-capmkt,DisclosuresRelatingToSegmentResultTable,in-capmkt_DisclosuresRelatingToSegmentResultTable,xbrli:stringItemType,,xbrldt:hypercubeItem,,duration,true,true,,,,,
53,in-capmkt,DisclosuresRelatingToSegmentResultLineItems,in-capmkt_DisclosuresRelatingToSegmentResultLineItems,xbrli:stringItemType,,xbrli:item,,duration,true,true,,,,,
54,in-capmkt,SegmentProfitLossBeforeTaxAndFinanceCosts,in-capmkt_SegmentProfitLossBeforeTaxAndFinanceCosts,xbrli:monetaryItemType,,xbrli:item,credit,duration,false,true,,,,,
55,in-capmkt,OtherUnallocableExpenditureNetOffUnAllocableIncome,in-capmkt_OtherUnallocableExpenditureNetOffUnAllocableIncome,xbrli:monetaryItemType,,xbrli:item,debit,duration,false,true,,,,,
56,in-capmkt,DescriptionOfReportableSegment,in-capmkt_DescriptionOfReportableSegment,xbrli:stringItemType,,xbrli:item,,duration,false,true,,,,,
57,in-capmkt,DisclosureOfNotesOnSegmentsExplanatoryTextBlock,in-capmkt_DisclosureOfNotesOnSegmentsExplanatoryTextBlock,nonnum:textBlockItemType,,xbrli:item,,duration,false,true,,,,,
58,in-capmkt,DateOnWhichPriorIntimationOfTheMeetingForConsideringFinancialResultsWasInformedToTheExchange,in-capmkt_DateOnWhichPriorIntimationOfTheMeetingForConsideringFinancialResultsWasInformedToTheExchange,xbrli:dateItemType,,xbrli:item,,duration,false,true,,,,,
59,in-capmkt,ClassOfSecurity,in-capmkt_ClassOfSecurity,in-capmkt-types:ClassOfSecurity,(Equity) ,xbrli:item,,duration,false,true,,,,,
60,in-capmkt,SegmentRevenueFromOperations,in-capmkt_SegmentRevenueFromOperations,xbrli:monetaryItemType,,xbrli:item,credit,duration,false,true,,,,,
61,in-capmkt,SegmentFinanceCosts,in-capmkt_SegmentFinanceCosts,xbrli:monetaryItemType,,xbrli:item,debit,duration,false,true,,,,,
62,in-capmkt,DateOfStartOfFinancialYear,in-capmkt_DateOfStartOfFinancialYear,xbrli:dateItemType,,xbrli:item,,duration,false,true,,,,,
63,in-capmkt,DateOfEndOfFinancialYear,in-capmkt_DateOfEndOfFinancialYear,xbrli:dateItemType,,xbrli:item,,duration,false,true,,,,,
64,in-capmkt,StartTimeOfBoardMeeting,in-capmkt_StartTimeOfBoardMeeting,xbrli:timeItemType,,xbrli:item,,duration,false,true,,,,,
65,in-capmkt,EndTimeOfBoardMeeting,in-capmkt_EndTimeOfBoardMeeting,xbrli:timeItemType,,xbrli:item,,duration,false,true,,,,,
66,in-capmkt,SegmentProfitBeforeTax,in-capmkt_SegmentProfitBeforeTax,xbrli:monetaryItemType,,xbrli:item,credit,duration,false,true,,,,,
67,in-capmkt,ReportableSegmentsFinanceCostsAxis,in-capmkt_ReportableSegmentsFinanceCostsAxis,xbrli:stringItemType,,xbrldt:dimensionItem,,duration,true,true,,,,,
68,in-capmkt,DisclosuresRelatingToSegmentAssetsAbstract,in-capmkt_DisclosuresRelatingToSegmentAssetsAbstract,xbrli:stringItemType,,xbrli:item,,duration,true,true,,,,,
69,in-capmkt,DisclosuresRelatingToSegmentAssetsTable,in-capmkt_DisclosuresRelatingToSegmentAssetsTable,xbrli:stringItemType,,xbrldt:hypercubeItem,,duration,true,true,,,,,
70,in-capmkt,ReportableSegmentAssetsAxis,in-capmkt_ReportableSegmentAssetsAxis,xbrli:stringItemType,,xbrldt:dimensionItem,,duration,true,true,,,,,
71,in-capmkt,DisclosuresRelatingToSegmentAssetsLineItems,in-capmkt_DisclosuresRelatingToSegmentAssetsLineItems,xbrli:stringItemType,,xbrli:item,,duration,true,true,,,,,
72,in-capmkt,SegmentAssets,in-capmkt_SegmentAssets,xbrli:monetaryItemType,,xbrli:item,debit,instant,false,true,,,,,
73,in-capmkt,UnAllocableAssets,in-capmkt_UnAllocableAssets,xbrli:monetaryItemType,,xbrli:item,debit,instant,false,true,,,,,
74,in-capmkt,NetSegmentAssets,in-capmkt_NetSegmentAssets,xbrli:monetaryItemType,,xbrli:item,debit,instant,false,true,,,,,
75,in-capmkt,DisclosuresRelatingToSegmentLiabilitiesAbstract,in-capmkt_DisclosuresRelatingToSegmentLiabilitiesAbstract,xbrli:stringItemType,,xbrli:item,,duration,true,true,,,,,
76,in-capmkt,DisclosuresRelatingToSegmentLiabilitiesTable,in-capmkt_DisclosuresRelatingToSegmentLiabilitiesTable,xbrli:stringItemType,,xbrldt:hypercubeItem,,duration,true,true,,,,,
77,in-capmkt,ReportableSegmentLiabilitiesAxis,in-capmkt_ReportableSegmentLiabilitiesAxis,xbrli:stringItemType,,xbrldt:dimensionItem,,duration,true,true,,,,,
78,in-capmkt,DisclosuresRelatingToSegmentLiabilitiesLineItems,in-capmkt_DisclosuresRelatingToSegmentLiabilitiesLineItems,xbrli:stringItemType,,xbrli:item,,duration,true,true,,,,,
79,in-capmkt,SegmentLiabilities,in-capmkt_SegmentLiabilities,xbrli:monetaryItemType,,xbrli:item,credit,instant,false,true,,,,,
80,in-capmkt,UnAllocableLiabilities,in-capmkt_UnAllocableLiabilities,xbrli:monetaryItemType,,xbrli:item,credit,instant,false,true,,,,,
81,in-capmkt,NetSegmentLiabilities,in-capmkt_NetSegmentLiabilities,xbrli:monetaryItemType,,xbrli:item,credit,instant,false,true,,,,,
82,in-capmkt,Symbol,in-capmkt_Symbol,xbrli:stringItemType,,xbrli:item,,duration,false,true,,,,,
83,in-capmkt,MSEISymbol,in-capmkt_MSEISymbol,xbrli:stringItemType,,xbrli:item,,duration,false,true,,,,,
84,in-capmkt,ISIN,in-capmkt_ISIN,in-capmkt-types:ISIN,,xbrli:item,,duration,false,true,,,,,
85,in-capmkt,DeclarationOfUnmodifiedOpinionOrStatementOnImpactOfAuditQualification,in-capmkt_DeclarationOfUnmodifiedOpinionOrStatementOnImpactOfAuditQualification,in-capmkt-types:DeclarationOfImpactOfAuditQalification,(Declaration of unmodified opinion) (Statement on impact of audit qualification) (Not applicable) ,xbrli:item,,duration,false,true,,,,,
86,in-capmkt,AdjustmentsForReconcileProfitLossAbstract,in-capmkt_AdjustmentsForReconcileProfitLossAbstract,xbrli:stringItemType,,xbrli:item,,duration,true,true,,,,,
87,in-capmkt,AdjustmentsForFinanceCosts,in-capmkt_AdjustmentsForFinanceCosts,xbrli:monetaryItemType,,xbrli:item,debit,duration,false,true,,,,,
88,in-capmkt,AdjustmentsForDecreaseIncreaseInInventories,in-capmkt_AdjustmentsForDecreaseIncreaseInInventories,xbrli:monetaryItemType,,xbrli:item,debit,duration,false,true,,,,,
89,in-capmkt,AdjustmentsForDecreaseIncreaseInOtherCurrentAssets,in-capmkt_AdjustmentsForDecreaseIncreaseInOtherCurrentAssets,xbrli:monetaryItemType,,xbrli:item,debit,duration,false,true,,,,,
90,in-capmkt,AdjustmentsForIncreaseDecreaseInOtherCurrentLiabilities,in-capmkt_AdjustmentsForIncreaseDecreaseInOtherCurrentLiabilities,xbrli:monetaryItemType,,xbrli:item,debit,duration,false,true,,,,,
91,in-capmkt,AdjustmentsForDepreciationAndAmortisationExpense,in-capmkt_AdjustmentsForDepreciationAndAmortisationExpense,xbrli:monetaryItemType,,xbrli:item,debit,duration,false,true,,,,,
92,in-capmkt,AdjustmentsForImpairmentLossReversalOfImpairmentLossRecognisedInProfitOrLoss,in-capmkt_AdjustmentsForImpairmentLossReversalOfImpairmentLossRecognisedInProfitOrLoss,xbrli:monetaryItemType,,xbrli:item,debit,duration,false,true,,,,,
93,in-capmkt,AdjustmentsForUnrealisedForeignExchangeLossesGains,in-capmkt_AdjustmentsForUnrealisedForeignExchangeLossesGains,xbrli:monetaryItemType,,xbrli:item,debit,duration,false,true,,,,,
94,in-capmkt,AdjustmentsForDividendIncome,in-capmkt_AdjustmentsForDividendIncome,xbrli:monetaryItemType,,xbrli:item,credit,duration,false,true,,,,,
95,in-capmkt,AdjustmentsForSharebasedPayments,in-capmkt_AdjustmentsForSharebasedPayments,xbrli:monetaryItemType,,xbrli:item,debit,duration,false,true,,,,,
96,in-capmkt,OtherAdjustmentsForWhichCashEffectsAreInvestingOrFinancingCashFlow,in-capmkt_OtherAdjustmentsForWhichCashEffectsAreInvestingOrFinancingCashFlow,xbrli:monetaryItemType,,xbrli:item,debit,duration,false,true,,,,,
97,in-capmkt,OtherAdjustmentsToReconcileProfitLoss,in-capmkt_OtherAdjustmentsToReconcileProfitLoss,xbrli:monetaryItemType,,xbrli:item,debit,duration,false,true,,,,,
98,in-capmkt,OtherAdjustmentsForNoncashItems,in-capmkt_OtherAdjustmentsForNoncashItems,xbrli:monetaryItemType,,xbrli:item,debit,duration,false,true,,,,,
99,in-capmkt,ShareOfProfitAndLossFromPartnershipFirmOrAssociationOfPersonsOrLimitedLiabilityPartnerships,in-capmkt_ShareOfProfitAndLossFromPartnershipFirmOrAssociationOfPersonsOrLimitedLiabilityPartnerships,xbrli:monetaryItemType,,xbrli:item,debit,duration,false,true,,,,,
100,in-capmkt,AdjustmentsForReconcileProfitLoss,in-capmkt_AdjustmentsForReconcileProfitLoss,xbrli:monetaryItemType,,xbrli:item,debit,duration,false,true,,,,,
101,in-capmkt,CashReceiptsFromShareOfProfitsOfPartnershipFirmOrAssociationOfPersonsOrLimitedLiabilityPartnerships,in-capmkt_CashReceiptsFromShareOfProfitsOfPartnershipFirmOrAssociationOfPersonsOrLimitedLiabilityPartnerships,xbrli:monetaryItemType,,xbrli:item,debit,duration,false,true,,,,,
102,in-capmkt,CashPaymentForInvestmentInPartnershipFirmOrAssociationOfPersonsOrLimitedLiabilityPartnerships,in-capmkt_CashPaymentForInvestmentInPartnershipFirmOrAssociationOfPersonsOrLimitedLiabilityPartnerships,xbrli:monetaryItemType,,xbrli:item,credit,duration,false,true,,,,,
103,in-capmkt,StatementOfCashFlowsAbstract,in-capmkt_StatementOfCashFlowsAbstract,xbrli:stringItemType,,xbrli:item,,duration,true,true,,,,,
104,in-capmkt,WhetherCashFlowStatementIsApplicableOnCompany,in-capmkt_WhetherCashFlowStatementIsApplicableOnCompany,xbrli:booleanItemType,,xbrli:item,,duration,false,true,,,,,
105,in-capmkt,CashFlowsFromUsedInOperatingActivitiesAbstract,in-capmkt_CashFlowsFromUsedInOperatingActivitiesAbstract,xbrli:stringItemType,,xbrli:item,,duration,true,true,,,,,
106,in-capmkt,ClassesOfCashReceiptsFromOperatingActivitiesAbstract,in-capmkt_ClassesOfCashReceiptsFromOperatingActivitiesAbstract,xbrli:stringItemType,,xbrli:item,,duration,true,true,,,,,
107,in-capmkt,ReceiptsFromSalesOfGoodsAndRenderingOfServices,in-capmkt_ReceiptsFromSalesOfGoodsAndRenderingOfServices,xbrli:monetaryItemType,,xbrli:item,debit,duration,false,true,,,,,
108,in-capmkt,ReceiptsFromRoyaltiesFeesCommissionsAndOtherRevenue,in-capmkt_ReceiptsFromRoyaltiesFeesCommissionsAndOtherRevenue,xbrli:monetaryItemType,,xbrli:item,debit,duration,false,true,,,,,
109,in-capmkt,ReceiptsFromPremiumsAndClaimsAnnuitiesAndOtherPolicyBenefits,in-capmkt_ReceiptsFromPremiumsAndClaimsAnnuitiesAndOtherPolicyBenefits,xbrli:monetaryItemType,,xbrli:item,debit,duration,false,true,,,,,
110,in-capmkt,OtherCashReceiptsFromOperatingActivities,in-capmkt_OtherCashReceiptsFromOperatingActivities,xbrli:monetaryItemType,,xbrli:item,debit,duration,false,true,,,,,
111,in-capmkt,PaymentsToSuppliersForGoodsAndServices,in-capmkt_PaymentsToSuppliersForGoodsAndServices,xbrli:monetaryItemType,,xbrli:item,credit,duration,false,true,,,,,
112,in-capmkt,PaymentsToAndOnBehalfOfEmployees,in-capmkt_PaymentsToAndOnBehalfOfEmployees,xbrli:monetaryItemType,,xbrli:item,credit,duration,false,true,,,,,
113,in-capmkt,PaymentsForPremiumsAndClaimsAnnuitiesAndOtherPolicyBenefits,in-capmkt_PaymentsForPremiumsAndClaimsAnnuitiesAndOtherPolicyBenefits,xbrli:monetaryItemType,,xbrli:item,credit,duration,false,true,,,,,
114,in-capmkt,OtherCashPaymentsFromOperatingActivities,in-capmkt_OtherCashPaymentsFromOperatingActivities,xbrli:monetaryItemType,,xbrli:item,credit,duration,false,true,,,,,
115,in-capmkt,CashFlowsFromUsedInOperations,in-capmkt_CashFlowsFromUsedInOperations,xbrli:monetaryItemType,,xbrli:item,,duration,false,true,,,,,
116,in-capmkt,DividendsReceivedClassifiedAsOperatingActivities,in-capmkt_DividendsReceivedClassifiedAsOperatingActivities,xbrli:monetaryItemType,,xbrli:item,debit,duration,false,true,,,,,
117,in-capmkt,InterestPaidClassifiedAsOperatingActivities,in-capmkt_InterestPaidClassifiedAsOperatingActivities,xbrli:monetaryItemType,,xbrli:item,credit,duration,false,true,,,,,
118,in-capmkt,InterestReceivedClassifiedAsOperatingActivities,in-capmkt_InterestReceivedClassifiedAsOperatingActivities,xbrli:monetaryItemType,,xbrli:item,debit,duration,false,true,,,,,
119,in-capmkt,IncomeTaxesPaidRefundClassifiedAsOperatingActivities,in-capmkt_IncomeTaxesPaidRefundClassifiedAsOperatingActivities,xbrli:monetaryItemType,,xbrli:item,credit,duration,false,true,,,,,
120,in-capmkt,OtherInflowsOutflowsOfCashClassifiedAsOperatingActivities,in-capmkt_OtherInflowsOutflowsOfCashClassifiedAsOperatingActivities,xbrli:monetaryItemType,,xbrli:item,debit,duration,false,true,,,,,
121,in-capmkt,CashFlowsFromUsedInOperatingActivities,in-capmkt_CashFlowsFromUsedInOperatingActivities,xbrli:monetaryItemType,,xbrli:item,,duration,false,true,,,,,
122,in-capmkt,CashFlowsFromUsedInInvestingActivitiesAbstract,in-capmkt_CashFlowsFromUsedInInvestingActivitiesAbstract,xbrli:stringItemType,,xbrli:item,,duration,true,true,,,,,
123,in-capmkt,CashFlowsFromLosingControlOfSubsidiariesOrOtherBusinessesClassifiedAsInvestingActivities,in-capmkt_CashFlowsFromLosingControlOfSubsidiariesOrOtherBusinessesClassifiedAsInvestingActivities,xbrli:monetaryItemType,,xbrli:item,debit,duration,false,true,,,,,
124,in-capmkt,CashFlowsUsedInObtainingControlOfSubsidiariesOrOtherBusinessesClassifiedAsInvestingActivities,in-capmkt_CashFlowsUsedInObtainingControlOfSubsidiariesOrOtherBusinessesClassifiedAsInvestingActivities,xbrli:monetaryItemType,,xbrli:item,credit,duration,false,true,,,,,
125,in-capmkt,OtherCashReceiptsFromSalesOfEquityOrDebtInstrumentsOfOtherEntitiesClassifiedAsInvestingActivities,in-capmkt_OtherCashReceiptsFromSalesOfEquityOrDebtInstrumentsOfOtherEntitiesClassifiedAsInvestingActivities,xbrli:monetaryItemType,,xbrli:item,debit,duration,false,true,,,,,
126,in-capmkt,OtherCashPaymentsToAcquireEquityOrDebtInstrumentsOfOtherEntitiesClassifiedAsInvestingActivities,in-capmkt_OtherCashPaymentsToAcquireEquityOrDebtInstrumentsOfOtherEntitiesClassifiedAsInvestingActivities,xbrli:monetaryItemType,,xbrli:item,credit,duration,false,true,,,,,
127,in-capmkt,OtherCashReceiptsFromSalesOfInterestsInJointVenturesClassifiedAsInvestingActivities,in-capmkt_OtherCashReceiptsFromSalesOfInterestsInJointVenturesClassifiedAsInvestingActivities,xbrli:monetaryItemType,,xbrli:item,debit,duration,false,true,,,,,
128,in-capmkt,OtherCashPaymentsToAcquireInterestsInJointVenturesClassifiedAsInvestingActivities,in-capmkt_OtherCashPaymentsToAcquireInterestsInJointVenturesClassifiedAsInvestingActivities,xbrli:monetaryItemType,,xbrli:item,credit,duration,false,true,,,,,
129,in-capmkt,ProceedsFromSalesOfIntangibleAssetsClassifiedAsInvestingActivities,in-capmkt_ProceedsFromSalesOfIntangibleAssetsClassifiedAsInvestingActivities,xbrli:monetaryItemType,,xbrli:item,debit,duration,false,true,,,,,
130,in-capmkt,PurchaseOfIntangibleAssetsClassifiedAsInvestingActivities,in-capmkt_PurchaseOfIntangibleAssetsClassifiedAsInvestingActivities,xbrli:monetaryItemType,,xbrli:item,credit,duration,false,true,,,,,
131,in-capmkt,CashAdvancesAndLoansMadeToOtherPartiesClassifiedAsInvestingActivities,in-capmkt_CashAdvancesAndLoansMadeToOtherPartiesClassifiedAsInvestingActivities,xbrli:monetaryItemType,,xbrli:item,credit,duration,false,true,,,,,
132,in-capmkt,CashReceiptsFromRepaymentOfAdvancesAndLoansMadeToOtherPartiesClassifiedAsInvestingActivities,in-capmkt_CashReceiptsFromRepaymentOfAdvancesAndLoansMadeToOtherPartiesClassifiedAsInvestingActivities,xbrli:monetaryItemType,,xbrli:item,debit,duration,false,true,,,,,
133,in-capmkt,CashPaymentsForFutureContractsForwardContractsOptionContractsAndSwapContractsClassifiedAsInvestingActivities,in-capmkt_CashPaymentsForFutureContractsForwardContractsOptionContractsAndSwapContractsClassifiedAsInvestingActivities,xbrli:monetaryItemType,,xbrli:item,credit,duration,false,true,,,,,
134,in-capmkt,CashReceiptsFromFutureContractsForwardContractsOptionContractsAndSwapContractsClassifiedAsInvestingActivities,in-capmkt_CashReceiptsFromFutureContractsForwardContractsOptionContractsAndSwapContractsClassifiedAsInvestingActivities,xbrli:monetaryItemType,,xbrli:item,debit,duration,false,true,,,,,
135,in-capmkt,DividendsReceivedClassifiedAsInvestingActivities,in-capmkt_DividendsReceivedClassifiedAsInvestingActivities,xbrli:monetaryItemType,,xbrli:item,debit,duration,false,true,,,,,
136,in-capmkt,InterestReceivedClassifiedAsInvestingActivities,in-capmkt_InterestReceivedClassifiedAsInvestingActivities,xbrli:monetaryItemType,,xbrli:item,debit,duration,false,true,,,,,
137,in-capmkt,IncomeTaxesPaidRefundClassifiedAsInvestingActivities,in-capmkt_IncomeTaxesPaidRefundClassifiedAsInvestingActivities,xbrli:monetaryItemType,,xbrli:item,credit,duration,false,true,,,,,
138,in-capmkt,OtherInflowsOutflowsOfCashClassifiedAsInvestingActivities,in-capmkt_OtherInflowsOutflowsOfCashClassifiedAsInvestingActivities,xbrli:monetaryItemType,,xbrli:item,debit,duration,false,true,,,,,
139,in-capmkt,ProceedsFromGovernmentGrantsClassifiedAsInvestingActivities,in-capmkt_ProceedsFromGovernmentGrantsClassifiedAsInvestingActivities,xbrli:monetaryItemType,,xbrli:item,debit,duration,false,true,,,,,
140,in-capmkt,CashFlowsFromUsedInInvestingActivities,in-capmkt_CashFlowsFromUsedInInvestingActivities,xbrli:monetaryItemType,,xbrli:item,debit,duration,false,true,,,,,
141,in-capmkt,CashFlowsFromUsedInFinancingActivitiesAbstract,in-capmkt_CashFlowsFromUsedInFinancingActivitiesAbstract,xbrli:stringItemType,,xbrli:item,,duration,true,true,,,,,
142,in-capmkt,ProceedsFromIssuingOtherEquityInstruments,in-capmkt_ProceedsFromIssuingOtherEquityInstruments,xbrli:monetaryItemType,,xbrli:item,debit,duration,false,true,,,,,
143,in-capmkt,ProceedsFromIssuingDebenturesNotesBondsEtc,in-capmkt_ProceedsFromIssuingDebenturesNotesBondsEtc,xbrli:monetaryItemType,,xbrli:item,debit,duration,false,true,,,,,
144,in-capmkt,ProceedsFromBorrowingsClassifiedAsFinancingActivities,in-capmkt_ProceedsFromBorrowingsClassifiedAsFinancingActivities,xbrli:monetaryItemType,,xbrli:item,debit,duration,false,true,,,,,
145,in-capmkt,RepaymentsOfBorrowingsClassifiedAsFinancingActivities,in-capmkt_RepaymentsOfBorrowingsClassifiedAsFinancingActivities,xbrli:monetaryItemType,,xbrli:item,credit,duration,false,true,,,,,
146,in-capmkt,DividendsPaidClassifiedAsFinancingActivities,in-capmkt_DividendsPaidClassifiedAsFinancingActivities,xbrli:monetaryItemType,,xbrli:item,credit,duration,false,true,,,,,
147,in-capmkt,InterestPaidClassifiedAsFinancingActivities,in-capmkt_InterestPaidClassifiedAsFinancingActivities,xbrli:monetaryItemType,,xbrli:item,credit,duration,false,true,,,,,
148,in-capmkt,IncomeTaxesPaidRefundClassifiedAsFinancingActivities,in-capmkt_IncomeTaxesPaidRefundClassifiedAsFinancingActivities,xbrli:monetaryItemType,,xbrli:item,credit,duration,false,true,,,,,
149,in-capmkt,OtherInflowsOutflowsOfCashClassifiedAsFinancingActivities,in-capmkt_OtherInflowsOutflowsOfCashClassifiedAsFinancingActivities,xbrli:monetaryItemType,,xbrli:item,debit,duration,false,true,,,,,
150,in-capmkt,CashFlowsFromUsedInFinancingActivities,in-capmkt_CashFlowsFromUsedInFinancingActivities,xbrli:monetaryItemType,,xbrli:item,debit,duration,false,true,,,,,
151,in-capmkt,IncreaseDecreaseInCashAndCashEquivalentsBeforeEffectOfExchangeRateChanges,in-capmkt_IncreaseDecreaseInCashAndCashEquivalentsBeforeEffectOfExchangeRateChanges,xbrli:monetaryItemType,,xbrli:item,debit,duration,false,true,,,,,
152,in-capmkt,EffectOfExchangeRateChangesOnCashAndCashEquivalentsAbstract,in-capmkt_EffectOfExchangeRateChangesOnCashAndCashEquivalentsAbstract,xbrli:stringItemType,,xbrli:item,,duration,true,true,,,,,
153,in-capmkt,EffectOfExchangeRateChangesOnCashAndCashEquivalents,in-capmkt_EffectOfExchangeRateChangesOnCashAndCashEquivalents,xbrli:monetaryItemType,,xbrli:item,debit,duration,false,true,,,,,
154,in-capmkt,IncreaseDecreaseInCashAndCashEquivalents,in-capmkt_IncreaseDecreaseInCashAndCashEquivalents,xbrli:monetaryItemType,,xbrli:item,debit,duration,false,true,,,,,
155,in-capmkt,CashAndCashEquivalentsCashFlowStatement,in-capmkt_CashAndCashEquivalentsCashFlowStatement,xbrli:monetaryItemType,,xbrli:item,debit,instant,false,true,,,,,
156,in-capmkt,DateOfStartOfBoardMeeting,in-capmkt_DateOfStartOfBoardMeeting,xbrli:dateItemType,,xbrli:item,,duration,false,true,,,,,
157,in-capmkt,DateOfEndOfBoardMeeting,in-capmkt_DateOfEndOfBoardMeeting,xbrli:dateItemType,,xbrli:item,,duration,false,true,,,,,
158,in-capmkt,TypeOfCashFlowStatement,in-capmkt_TypeOfCashFlowStatement,in-capmkt-types:TypeOfCashFlowStatement,(Cash Flow Direct) (Cash Flow Indirect) ,xbrli:item,,duration,false,true,,,,,
159,in-capmkt,DescriptionOfPresentationCurrency,in-capmkt_DescriptionOfPresentationCurrency,xbrli:stringItemType,,xbrli:item,,duration,false,true,,,,,
160,in-capmkt,WhetherTheCompanyHasAnyRelatedParty,in-capmkt_WhetherTheCompanyHasAnyRelatedParty,xbrli:booleanItemType,,xbrli:item,,duration,false,true,,,,,
161,in-capmkt,WhetherTheCompanyHasEnteredIntoAnyRelatedPartyTransactionDuringThePeriod,in-capmkt_WhetherTheCompanyHasEnteredIntoAnyRelatedPartyTransactionDuringThePeriod,xbrli:booleanItemType,,xbrli:item,,duration,false,true,,,,,
162,in-capmkt,WeDeclareThatTheAcceptanceOfFixedDepositsByTheBanksOrNonBankingFinanceCompanyAreAtTheTermsUniformlyApplicableOrOfferedToAllShareholdersOrPublic,in-capmkt_WeDeclareThatTheAcceptanceOfFixedDepositsByTheBanksOrNonBankingFinanceCompanyAreAtTheTermsUniformlyApplicableOrOfferedToAllShareholdersOrPublic,in-capmkt-types:Declaration,(Yes) (No) (NA) ,xbrli:item,,duration,false,true,,,,,
163,in-capmkt,WeDeclareThatTheScheduledCommercialBankAsPerRBICircularRBIDBR20151619Dated03March2016HasAllowedAdditionalInterestOfOnePerCentPerAnnumOverAndAboveTheRateOfInterestMentionedInTheScheduleOfInterestRatesOnSavings,in-capmkt_WeDeclareThatTheScheduledCommercialBankAsPerRBICircularRBIDBR20151619Dated03March2016HasAllowedAdditionalInterestOfOnePerCentPerAnnumOverAndAboveTheRateOfInterestMentionedInTheScheduleOfInterestRatesOnSavings,in-capmkt-types:Declaration,(Yes) (No) (NA) ,xbrli:item,,duration,false,true,,,,,
164,in-capmkt,WhetherTheCompanyIsAHighValueDebtListedEntityAccordingTo1AOfRegulation15,in-capmkt_WhetherTheCompanyIsAHighValueDebtListedEntityAccordingTo1AOfRegulation15,xbrli:booleanItemType,,xbrli:item,,instant,false,true,,,,,
165,in-capmkt,IfTheCompanyIsAHighValueDebtListedEntityAccordingTo1AOfRegulation15ThenWhetherComplyingWithProvisoToSubReguation9OfRegulation23,in-capmkt_IfTheCompanyIsAHighValueDebtListedEntityAccordingTo1AOfRegulation15ThenWhetherComplyingWithProvisoToSubReguation9OfRegulation23,xbrli:booleanItemType,,xbrli:item,,duration,false,true,,,,,
166,in-capmkt,TheReasonForNotComplyingWithProvisoToSubReguation9OfRegulation23,in-capmkt_TheReasonForNotComplyingWithProvisoToSubReguation9OfRegulation23,nonnum:textBlockItemType,,xbrli:item,,duration,false,true,,,,,
167,in-capmkt,WhetherTheUpdatedRelatedPartyTransactionsPolicyHasBeenUploadedOnTheWebsiteOfTheCompanyInComplianceWithRegulation23,in-capmkt_WhetherTheUpdatedRelatedPartyTransactionsPolicyHasBeenUploadedOnTheWebsiteOfTheCompanyInComplianceWithRegulation23,xbrli:booleanItemType,,xbrli:item,,duration,false,true,,,,,
168,in-capmkt,LatestDateOnWhichRelatedPartyTransactionsPolicyIsUpdated,in-capmkt_LatestDateOnWhichRelatedPartyTransactionsPolicyIsUpdated,xbrli:dateItemType,,xbrli:item,,duration,false,true,,,,,
169,in-capmkt,WebsiteLinkForUpdatedRelatedPartyTransactionsPolicyOfTheCompany,in-capmkt_WebsiteLinkForUpdatedRelatedPartyTransactionsPolicyOfTheCompany,xbrli:anyURIItemType,,xbrli:item,,duration,false,true,,,,,
170,in-capmkt,NumberOfStatementsOfDeviationForTheCurrentQuarter,in-capmkt_NumberOfStatementsOfDeviationForTheCurrentQuarter,xbrli:positiveIntegerItemType,,xbrli:item,,duration,false,true,,,,,
171,in-capmkt,ModeOfFundRaising,in-capmkt_ModeOfFundRaising,in-capmkt-types:ModeOfFundRaising,(Public Issues) (Rights Issues) (Preferential Issues) (QIP) (Others) ,xbrli:item,,instant,false,true,,,,,
172,in-capmkt,DescriptionOfModeOfFundRaising,in-capmkt_DescriptionOfModeOfFundRaising,xbrli:stringItemType,,xbrli:item,,instant,false,true,,,,,
173,in-capmkt,DateOfFundsRaising,in-capmkt_DateOfFundsRaising,xbrli:dateItemType,,xbrli:item,,instant,false,true,,,,,
174,in-capmkt,AmountRaised,in-capmkt_AmountRaised,xbrli:monetaryItemType,,xbrli:item,,instant,false,true,,,,,
175,in-capmkt,MonitoringAgency,in-capmkt_MonitoringAgency,xbrli:booleanItemType,,xbrli:item,,duration,false,true,,,,,
176,in-capmkt,NameOfMonitoringAgency,in-capmkt_NameOfMonitoringAgency,xbrli:stringItemType,,xbrli:item,,instant,false,true,,,,,
177,in-capmkt,IsThereADeviationOrVariationInUseOfFundsRaised,in-capmkt_IsThereADeviationOrVariationInUseOfFundsRaised,xbrli:booleanItemType,,xbrli:item,,duration,false,true,,,,,
178,in-capmkt,WhetherTheDeviationOrVariationInUseOfFundsIsPursuantToChangeInTermsOfAContractOrObjectsWhichWasApprovedByTheShareholders,in-capmkt_WhetherTheDeviationOrVariationInUseOfFundsIsPursuantToChangeInTermsOfAContractOrObjectsWhichWasApprovedByTheShareholders,xbrli:booleanItemType,,xbrli:item,,duration,false,true,,,,,
179,in-capmkt,DateOfShareholderApproval,in-capmkt_DateOfShareholderApproval,xbrli:dateItemType,,xbrli:item,,instant,false,true,,,,,
180,in-capmkt,ExplanationForTheDeviationOrVariation,in-capmkt_ExplanationForTheDeviationOrVariation,xbrli:stringItemType,,xbrli:item,,instant,false,true,,,,,
181,in-capmkt,CommentsOfTheAuditCommitteeAfterReview,in-capmkt_CommentsOfTheAuditCommitteeAfterReview,xbrli:stringItemType,,xbrli:item,,instant,false,true,,,,,
182,in-capmkt,CommentsOfTheAuditors,in-capmkt_CommentsOfTheAuditors,xbrli:stringItemType,,xbrli:item,,instant,false,true,,,,,
183,in-capmkt,ObjectsForWhichFundsHaveBeenRaisedAndWhereThereHasBeenADeviationAbstract,in-capmkt_ObjectsForWhichFundsHaveBeenRaisedAndWhereThereHasBeenADeviationAbstract,xbrli:stringItemType,,xbrli:item,,duration,true,true,,,,,
184,in-capmkt,ObjectsForWhichFundsHaveBeenRaisedAndWhereThereHasBeenADeviationTable,in-capmkt_ObjectsForWhichFundsHaveBeenRaisedAndWhereThereHasBeenADeviationTable,xbrli:stringItemType,,xbrldt:hypercubeItem,,duration,true,true,,,,,
185,in-capmkt,ObjectAxis,in-capmkt_ObjectAxis,xbrli:stringItemType,,xbrldt:dimensionItem,,duration,true,true,in-capmkt:in-capmkt_ObjectDomain,,,,
186,in-capmkt,ObjectsForWhichFundsHaveBeenRaisedAndWhereThereHasBeenADeviationLineItems,in-capmkt_ObjectsForWhichFundsHaveBeenRaisedAndWhereThereHasBeenADeviationLineItems,xbrli:stringItemType,,xbrli:item,,instant,false,true,,,,,
187,in-capmkt,OriginalObject,in-capmkt_OriginalObject,xbrli:stringItemType,,xbrli:item,,instant,false,true,,,,,
188,in-capmkt,ModifiedObject,in-capmkt_ModifiedObject,xbrli:stringItemType,,xbrli:item,,instant,false,true,,,,,
189,in-capmkt,OriginalAllocation,in-capmkt_OriginalAllocation,xbrli:monetaryItemType,,xbrli:item,,instant,false,true,,,,,
190,in-capmkt,ModifiedAllocation,in-capmkt_ModifiedAllocation,xbrli:monetaryItemType,,xbrli:item,,instant,false,true,,,,,
191,in-capmkt,FundsUtilised,in-capmkt_FundsUtilised,xbrli:monetaryItemType,,xbrli:item,,instant,false,true,,,,,
192,in-capmkt,AmountOfDeviationOrVariationForTheQuarterAccordingToApplicableObject,in-capmkt_AmountOfDeviationOrVariationForTheQuarterAccordingToApplicableObject,xbrli:monetaryItemType,,xbrli:item,,instant,false,true,,,,,
193,in-capmkt,DisclosureNotesOnObjectsForWhichFundsHaveBeenRaisedAndWhereThereHasBeenADeviation,in-capmkt_DisclosureNotesOnObjectsForWhichFundsHaveBeenRaisedAndWhereThereHasBeenADeviation,nonnum:textBlockItemType,,xbrli:item,,instant,false,true,,,,,
194,in-capmkt,DetailsOfSignatoryOfStatementOfDeviationOrVariationInUtilisationOfFundsRaisedAbstract,in-capmkt_DetailsOfSignatoryOfStatementOfDeviationOrVariationInUtilisationOfFundsRaisedAbstract,xbrli:stringItemType,,xbrli:item,,duration,true,true,,,,,
195,in-capmkt,NameOfSignatoryOfStatementOfDeviationOrVariationInUtilisationOfFundsRaised,in-capmkt_NameOfSignatoryOfStatementOfDeviationOrVariationInUtilisationOfFundsRaised,xbrli:stringItemType,,xbrli:item,,duration,false,true,,,,,
196,in-capmkt,DesignationOfPersonOfStatementOfDeviationOrVariationInUtilisationOfFundsRaised,in-capmkt_DesignationOfPersonOfStatementOfDeviationOrVariationInUtilisationOfFundsRaised,in-capmkt-types:Designation,(CEO) (Company Secretary) (Company Secretary and Compliance Officer) (Compliance Officer) (Director) (Managing Director) (Chief Financial Officer) ,xbrli:item,,duration,false,true,,,,,
197,in-capmkt,PlaceOfStatementOfDeviationOrVariationInUtilisationOfFundsRaised,in-capmkt_PlaceOfStatementOfDeviationOrVariationInUtilisationOfFundsRaised,xbrli:stringItemType,,xbrli:item,,duration,false,true,,,,,
198,in-capmkt,DateOfStatementOfDeviationOrVariationInUtilisationOfFundsRaised,in-capmkt_DateOfStatementOfDeviationOrVariationInUtilisationOfFundsRaised,xbrli:dateItemType,,xbrli:item,,instant,false,true,,,,,
199,in-capmkt,StatementOfDeviationAbstract,in-capmkt_StatementOfDeviationAbstract,xbrli:stringItemType,,xbrli:item,,duration,true,true,,,,,
200,in-capmkt,StatementOfDeviationTable,in-capmkt_StatementOfDeviationTable,xbrli:stringItemType,,xbrldt:hypercubeItem,,duration,true,true,,,,,
201,in-capmkt,StatementOfDeviationAxis,in-capmkt_StatementOfDeviationAxis,xbrli:stringItemType,,xbrldt:dimensionItem,,duration,true,true,in-capmkt:in-capmkt_StatementOfDeviationDomain,,,,
202,in-capmkt,StatementOfDeviationLineItems,in-capmkt_StatementOfDeviationLineItems,xbrli:stringItemType,,xbrli:item,,instant,false,true,,,,,
203,in-capmkt,TypeOfReportingPeriod,in-capmkt_TypeOfReportingPeriod,in-capmkt-types:ReportingPeriodType,(Quarterly) (Half Yearly) ,xbrli:item,,duration,false,true,,,,,
204,in-capmkt,DisclosureOfTransactionsBetweenRelatedPartiesAbstract,in-capmkt_DisclosureOfTransactionsBetweenRelatedPartiesAbstract,xbrli:stringItemType,,xbrli:item,,duration,true,true,,,,,
205,in-capmkt,DisclosureOfTransactionsBetweenRelatedPartiesTable,in-capmkt_DisclosureOfTransactionsBetweenRelatedPartiesTable,xbrli:stringItemType,,xbrldt:hypercubeItem,,duration,true,true,,,,,
206,in-capmkt,RelatedPartyTransactionAxis,in-capmkt_RelatedPartyTransactionAxis,xbrli:stringItemType,,xbrldt:dimensionItem,,duration,true,true,in-capmkt:in-capmkt_RelatedPartyTransactionDomain,,,,
207,in-capmkt,DetailsOfListedEntityOrSubsidiaryEnteringIntoTheTransactionAbstract,in-capmkt_DetailsOfListedEntityOrSubsidiaryEnteringIntoTheTransactionAbstract,xbrli:stringItemType,,xbrli:item,,duration,true,true,,,,,
208,in-capmkt,DisclosureOfTransactionsBetweenRelatedPartiesLineItems,in-capmkt_DisclosureOfTransactionsBetweenRelatedPartiesLineItems,xbrli:stringItemType,,xbrli:item,,duration,true,true,,,,,
209,in-capmkt,NameOfListedEntityOrSubsidiaryEnteringIntoTheTransaction,in-capmkt_NameOfListedEntityOrSubsidiaryEnteringIntoTheTransaction,xbrli:stringItemType,,xbrli:item,,duration,false,true,,,,,
210,in-capmkt,PANOfListedEntityOrSubsidiaryEnteringIntoTheTransaction,in-capmkt_PANOfListedEntityOrSubsidiaryEnteringIntoTheTransaction,in-capmkt-types:PermanentAccountNumber,,xbrli:item,,duration,false,true,,,,,
211,in-capmkt,DetailsOfCounterPartyAbstract,in-capmkt_DetailsOfCounterPartyAbstract,xbrli:stringItemType,,xbrli:item,,duration,true,true,,,,,
212,in-capmkt,NameOfCounterParty,in-capmkt_NameOfCounterParty,xbrli:stringItemType,,xbrli:item,,duration,false,true,,,,,
213,in-capmkt,PANOfCounterParty,in-capmkt_PANOfCounterParty,in-capmkt-types:PermanentAccountNumber,,xbrli:item,,duration,false,true,,,,,
214,in-capmkt,RelationshipOfTheCounterpartyWithTheListedEntityOrItsSubsidiary,in-capmkt_RelationshipOfTheCounterpartyWithTheListedEntityOrItsSubsidiary,xbrli:stringItemType,,xbrli:item,,duration,false,true,,,,,
215,in-capmkt,TypeOfRelatedPartyTransaction,in-capmkt_TypeOfRelatedPartyTransaction,in-capmkt-types:TypeOfTransaction,(Sale of goods or services) (Purchase of goods or services) (Loan) (Inter-corporate deposit) (Advance) (Investment) (Any other transaction) (Purchase of fixed assets) (Sale of fixed assets) (Interest paid) (Interest received) (Remuneration) (Dividend paid) (Dividend received) ,xbrli:item,,duration,false,true,,,,,
216,in-capmkt,ValueOfTheRelatedPartyTransactionAsApprovedByTheAuditCommittee,in-capmkt_ValueOfTheRelatedPartyTransactionAsApprovedByTheAuditCommittee,xbrli:monetaryItemType,,xbrli:item,,duration,false,true,,,,,
217,in-capmkt,AmountOfRelatedPartyTransactionDuringTheReportingPeriod,in-capmkt_AmountOfRelatedPartyTransactionDuringTheReportingPeriod,xbrli:monetaryItemType,,xbrli:item,,duration,false,true,,,,,
218,in-capmkt,AmountOfRelatedPartyTransaction,in-capmkt_AmountOfRelatedPartyTransaction,xbrli:monetaryItemType,,xbrli:item,,instant,false,true,,,,,
219,in-capmkt,InCaseAnyFinancialIndebtednessIsIncurredToMakeOrGiveLoansOrInterCorporateDepositsOrAdvancesOrInvestmentsAbstract,in-capmkt_InCaseAnyFinancialIndebtednessIsIncurredToMakeOrGiveLoansOrInterCorporateDepositsOrAdvancesOrInvestmentsAbstract,xbrli:stringItemType,,xbrli:item,,duration,true,true,,,,,
220,in-capmkt,NatureOfFinancialIndebtedness,in-capmkt_NatureOfFinancialIndebtedness,in-capmkt-types:NatureOfIndebtedness,(Loan) (Issuance of debt) (Any other) ,xbrli:item,,duration,false,true,,,,,
221,in-capmkt,CostOfFinancialIndebtedness,in-capmkt_CostOfFinancialIndebtedness,num:percentItemType,,xbrli:item,,duration,false,true,,,,,
222,in-capmkt,TenureOfFinancialIndebtedness,in-capmkt_TenureOfFinancialIndebtedness,xbrli:stringItemType,,xbrli:item,,duration,false,true,,,,,
223,in-capmkt,DetailsOfTheLoansOrInterCorporateDepositsOrAdvancesOrInvestmentsAbstract,in-capmkt_DetailsOfTheLoansOrInterCorporateDepositsOrAdvancesOrInvestmentsAbstract,xbrli:stringItemType,,xbrli:item,,duration,true,true,,,,,
224,in-capmkt,NatureOfTheLoansOrInterCorporateDepositsOrAdvancesOrInvestments,in-capmkt_NatureOfTheLoansOrInterCorporateDepositsOrAdvancesOrInvestments,in-capmkt-types:NatureLoansOrInterCorporateDepositsOrAdvancesOrInvestments,(Loan) (Inter-corporate deposit) (Advance) (Investment) ,xbrli:item,,duration,false,true,,,,,
225,in-capmkt,InterestRateOfLoansOrInterCorporateDepositsOrAdvancesOrInvestments,in-capmkt_InterestRateOfLoansOrInterCorporateDepositsOrAdvancesOrInvestments,num:percentItemType,,xbrli:item,,duration,false,true,,,,,
226,in-capmkt,TenureOfLoansOrInterCorporateDepositsOrAdvancesOrInvestments,in-capmkt_TenureOfLoansOrInterCorporateDepositsOrAdvancesOrInvestments,xbrli:stringItemType,,xbrli:item,,duration,false,true,,,,,
227,in-capmkt,TypeOfLoansOrInterCorporateDepositsOrAdvancesOrInvestmentsSecuredOrUnsecured,in-capmkt_TypeOfLoansOrInterCorporateDepositsOrAdvancesOrInvestmentsSecuredOrUnsecured,in-capmkt-types:SecuredOrUnsecured,(Secured) (Unsecured) ,xbrli:item,,duration,false,true,,,,,
228,in-capmkt,PurposeForWhichTheFundsWillBeUtilisedByTheUltimateRecipientOfFundsForEndusage,in-capmkt_PurposeForWhichTheFundsWillBeUtilisedByTheUltimateRecipientOfFundsForEndusage,xbrli:stringItemType,,xbrli:item,,duration,false,true,,,,,
229,in-capmkt,DetailsOfOtherIndebtedness,in-capmkt_DetailsOfOtherIndebtedness,xbrli:stringItemType,,xbrli:item,,duration,false,true,,,,,
230,in-capmkt,DetailsOfOtherRelatedPartyTransaction,in-capmkt_DetailsOfOtherRelatedPartyTransaction,xbrli:stringItemType,,xbrli:item,,duration,false,true,,,,,
231,in-capmkt,RemarksOnApprovalByAuditCommittee,in-capmkt_RemarksOnApprovalByAuditCommittee,xbrli:stringItemType,,xbrli:item,,duration,false,true,,,,,
232,in-capmkt,RelatedPartyTransactionExplanatory,in-capmkt_RelatedPartyTransactionExplanatory,nonnum:textBlockItemType,,xbrli:item,,duration,false,true,,,,,
233,in-capmkt,FinancialDetailsAbstract,in-capmkt_FinancialDetailsAbstract,xbrli:stringItemType,,xbrli:item,,duration,true,true,,,,,
234,in-capmkt,NetWorth,in-capmkt_NetWorth,xbrli:monetaryItemType,,xbrli:item,,duration,false,true,,,,,
235,in-capmkt,NetProfitAfterTax,in-capmkt_NetProfitAfterTax,xbrli:monetaryItemType,,xbrli:item,,duration,false,true,,,,,
236,in-capmkt,EarningPerShare,in-capmkt_EarningPerShare,num:perShareItemType,,xbrli:item,,duration,false,true,,,,,
237,in-capmkt,DetailsOfOtherFinancialItemAsFeltAppropriateByTheManagementAbstract,in-capmkt_DetailsOfOtherFinancialItemAsFeltAppropriateByTheManagementAbstract,xbrli:stringItemType,,xbrli:item,,duration,true,true,,,,,
238,in-capmkt,OtherFinancialItemAsFeltAppropriateByTheManagementTable,in-capmkt_OtherFinancialItemAsFeltAppropriateByTheManagementTable,xbrli:stringItemType,,xbrldt:hypercubeItem,,duration,true,true,,,,,
239,in-capmkt,OtherFinancialItemAxis,in-capmkt_OtherFinancialItemAxis,xbrli:stringItemType,,xbrldt:dimensionItem,,duration,true,true,in-capmkt:in-capmkt_OtherFinancialItemDomain,,,,
240,in-capmkt,OtherFinancialItemAsFeltAppropriateByTheManagementLineItems,in-capmkt_OtherFinancialItemAsFeltAppropriateByTheManagementLineItems,xbrli:stringItemType,,xbrli:item,,duration,true,true,,,,,
241,in-capmkt,AuditQualificationAbstract,in-capmkt_AuditQualificationAbstract,xbrli:stringItemType,,xbrli:item,,duration,true,true,,,,,
242,in-capmkt,AuditQualificationTable,in-capmkt_AuditQualificationTable,xbrli:stringItemType,,xbrldt:hypercubeItem,,duration,true,true,,,,,
243,in-capmkt,AuditQualificationAxis,in-capmkt_AuditQualificationAxis,xbrli:stringItemType,,xbrldt:dimensionItem,,duration,true,true,in-capmkt:in-capmkt_AuditQualificationDomain,,,,
244,in-capmkt,AuditQualificationLineItems,in-capmkt_AuditQualificationLineItems,xbrli:stringItemType,,xbrli:item,,duration,true,true,,,,,
245,in-capmkt,DetailsOfAuditQualificationExplanatory,in-capmkt_DetailsOfAuditQualificationExplanatory,nonnum:textBlockItemType,,xbrli:item,,duration,false,true,,,,,
246,in-capmkt,TypeOfAuditQualification,in-capmkt_TypeOfAuditQualification,in-capmkt-types:TypeOfQualification,(Qualified opinion) (Disclaimer of opinion) (Adverse opinion) ,xbrli:item,,duration,false,true,,,,,
247,in-capmkt,FrequencyOfAuditQualification,in-capmkt_FrequencyOfAuditQualification,in-capmkt-types:FrequencyOfQualification,(Whether appeared first time) (Repetitive) (Since how long continuing) ,xbrli:item,,duration,false,true,,,,,
248,in-capmkt,AuditQualificationsWhereTheImpactIsQuantifiedByTheAuditorManagementsViewsExplanatory,in-capmkt_AuditQualificationsWhereTheImpactIsQuantifiedByTheAuditorManagementsViewsExplanatory,nonnum:textBlockItemType,,xbrli:item,,duration,false,true,,,,,
249,in-capmkt,AuditQualificationsWhereTheImpactIsNotQuantifiedByTheAuditorAbstract,in-capmkt_AuditQualificationsWhereTheImpactIsNotQuantifiedByTheAuditorAbstract,xbrli:stringItemType,,xbrli:item,,duration,true,true,,,,,
250,in-capmkt,ManagementsEstimationOnTheImpactOfAuditQualificationExplanatory,in-capmkt_ManagementsEstimationOnTheImpactOfAuditQualificationExplanatory,nonnum:textBlockItemType,,xbrli:item,,duration,false,true,,,,,
251,in-capmkt,ReasonsIfManagementIsUnableToEstimateTheImpactExplanatory,in-capmkt_ReasonsIfManagementIsUnableToEstimateTheImpactExplanatory,nonnum:textBlockItemType,,xbrli:item,,duration,false,true,,,,,
252,in-capmkt,AuditorsCommentsOnManagementsEstimateOrUnableToEstimateOnTheImpactOfAuditQualificationExplanatory,in-capmkt_AuditorsCommentsOnManagementsEstimateOrUnableToEstimateOnTheImpactOfAuditQualificationExplanatory,nonnum:textBlockItemType,,xbrli:item,,duration,false,true,,,,,
253,in-capmkt,OpinionOfAuditors,in-capmkt_OpinionOfAuditors,in-capmkt-types:TypeOfQualification,(Qualified opinion) (Disclaimer of opinion) (Adverse opinion) ,xbrli:item,,duration,false,true,,,,,
254,in-capmkt,DetailsOfAuditorsAbstract,in-capmkt_DetailsOfAuditorsAbstract,xbrli:stringItemType,,xbrli:item,,duration,true,true,,,,,
255,in-capmkt,DetailsOfAuditorsTable,in-capmkt_DetailsOfAuditorsTable,xbrli:stringItemType,,xbrldt:hypercubeItem,,duration,true,true,,,,,
256,in-capmkt,AuditorAxis,in-capmkt_AuditorAxis,xbrli:stringItemType,,xbrldt:dimensionItem,,duration,true,true,in-capmkt:in-capmkt_AuditorDomain,,,,
257,in-capmkt,DetailsOfAuditorsLineItems,in-capmkt_DetailsOfAuditorsLineItems,xbrli:stringItemType,,xbrli:item,,duration,true,true,,,,,
258,in-capmkt,AuditorsFirmName,in-capmkt_AuditorsFirmName,xbrli:stringItemType,,xbrli:item,,duration,false,true,,,,,
259,in-capmkt,WhetherTheFirmHoldsAValidPeerReviewCertificateIssuedByPeerReviewBoardOfICAI,in-capmkt_WhetherTheFirmHoldsAValidPeerReviewCertificateIssuedByPeerReviewBoardOfICAI,xbrli:booleanItemType,,xbrli:item,,duration,false,true,,,,,
260,in-capmkt,ValidityDateOfCertificate,in-capmkt_ValidityDateOfCertificate,xbrli:dateItemType,,xbrli:item,,duration,false,true,,,,,
261,in-capmkt,DeclarationPursuantToClauseDOfSubRegulation3OfRegulation33OfSEBILODRRegulation2015,in-capmkt_DeclarationPursuantToClauseDOfSubRegulation3OfRegulation33OfSEBILODRRegulation2015,xbrli:booleanItemType,,xbrli:item,,duration,false,true,,,,,
262,in-capmkt,FinancialDetailsTable,in-capmkt_FinancialDetailsTable,xbrli:stringItemType,,xbrldt:hypercubeItem,,duration,true,true,,,,,
263,in-capmkt,FinancialDetailsLineitems,in-capmkt_FinancialDetailsLineitems,xbrli:stringItemType,,xbrli:item,,duration,true,true,,,,,
264,in-capmkt,TurnoverOrTotalIncome,in-capmkt_TurnoverOrTotalIncome,xbrli:monetaryItemType,,xbrli:item,credit,duration,false,true,,,,,
265,in-capmkt,TotalExpenditure,in-capmkt_TotalExpenditure,xbrli:monetaryItemType,,xbrli:item,debit,duration,false,true,,,,,
266,in-capmkt,AuditedOrAdjustedAxis,in-capmkt_AuditedOrAdjustedAxis,xbrli:stringItemType,,xbrldt:dimensionItem,,duration,true,true,,,,,
267,in-capmkt,AuditedOrAdjustedMember,in-capmkt_AuditedOrAdjustedMember,nonnum:domainItemType,,xbrli:item,,duration,true,true,,,,,
268,in-capmkt,AuditedMember,in-capmkt_AuditedMember,nonnum:domainItemType,,xbrli:item,,duration,true,true,,,,,
269,in-capmkt,AdjustedMember,in-capmkt_AdjustedMember,nonnum:domainItemType,,xbrli:item,,duration,true,true,,,,,
270,in-capmkt,DetailsOfOtherFinancialItem,in-capmkt_DetailsOfOtherFinancialItem,xbrli:stringItemType,,xbrli:item,,duration,false,true,,,,,
271,in-capmkt,AmountOfOtherFinancialItem,in-capmkt_AmountOfOtherFinancialItem,xbrli:monetaryItemType,,xbrli:item,,duration,false,true,,,,,
272,in-capmkt,WhetherStatementOnDeviationOrVariationForProceedsOfPublicIssueOrRightIssueOrPreferentialIssueOrQIPEtcIsApplicableToTheCompanyForTheCurrentQuarter,in-capmkt_WhetherStatementOnDeviationOrVariationForProceedsOfPublicIssueOrRightIssueOrPreferentialIssueOrQIPEtcIsApplicableToTheCompanyForTheCurrentQuarter,xbrli:booleanItemType,,xbrli:item,,duration,false,true,,,,,
273,in-capmkt,WhetherTheDisclosureForTheDefaultOnLoansAndDebtSecuritiesIsApplicableToTheEntity,in-capmkt_WhetherTheDisclosureForTheDefaultOnLoansAndDebtSecuritiesIsApplicableToTheEntity,xbrli:booleanItemType,,xbrli:item,,duration,false,true,,,,,
274,in-capmkt,NoteForNonApplicabilityOfTheDisclosureForTheDefaultOnLoansAndDebtSecuritiesToTheEntity,in-capmkt_NoteForNonApplicabilityOfTheDisclosureForTheDefaultOnLoansAndDebtSecuritiesToTheEntity,nonnum:textBlockItemType,,xbrli:item,,duration,false,true,,,,,
275,in-capmkt,FormatForDisclosingOutstandingDefaultOnLoansAndDebtSecuritiesAbstract,in-capmkt_FormatForDisclosingOutstandingDefaultOnLoansAndDebtSecuritiesAbstract,xbrli:stringItemType,,xbrli:item,,duration,true,true,,,,,
276,in-capmkt,LoansOrRevolvingFacilitiesLikeCashCreditFromBanksOrFinancialInstitutionsAbstract,in-capmkt_LoansOrRevolvingFacilitiesLikeCashCreditFromBanksOrFinancialInstitutionsAbstract,xbrli:stringItemType,,xbrli:item,,duration,true,true,,,,,
277,in-capmkt,TotalOutstandingAmountOfLoansOrRevolvingFacilitiesAtTheEndOfPeriod,in-capmkt_TotalOutstandingAmountOfLoansOrRevolvingFacilitiesAtTheEndOfPeriod,xbrli:monetaryItemType,,xbrli:item,debit,instant,false,true,,,,,
278,in-capmkt,AmountOfDefaultOutOfTotalOutstandingAmountOfLoansOrRevolvingFacilitiesAtTheEndOfPeriod,in-capmkt_AmountOfDefaultOutOfTotalOutstandingAmountOfLoansOrRevolvingFacilitiesAtTheEndOfPeriod,xbrli:monetaryItemType,,xbrli:item,debit,instant,false,true,,,,,
279,in-capmkt,UnlistedDebtSecuritiesThatIsNonConvertibleDebenturesAndNonConvertibleRedeemablePreferenceShareAbstract,in-capmkt_UnlistedDebtSecuritiesThatIsNonConvertibleDebenturesAndNonConvertibleRedeemablePreferenceShareAbstract,xbrli:stringItemType,,xbrli:item,,duration,true,true,,,,,
280,in-capmkt,TotalOutstandingAmountOfUnlistedDebtSecuritiesAtTheEndOfPeriod,in-capmkt_TotalOutstandingAmountOfUnlistedDebtSecuritiesAtTheEndOfPeriod,xbrli:monetaryItemType,,xbrli:item,debit,instant,false,true,,,,,
281,in-capmkt,AmountOfDefaultOutOfTotalOutstandingAmountOfUnlistedDebtSecuritiesAtTheEndOfPeriod,in-capmkt_AmountOfDefaultOutOfTotalOutstandingAmountOfUnlistedDebtSecuritiesAtTheEndOfPeriod,xbrli:monetaryItemType,,xbrli:item,debit,instant,false,true,,,,,
282,in-capmkt,AmountOfTotalFinancialIndebtednessOfTheListedEntityIncludingShortTermAndLongTermDebtAtTheEndOfPeriod,in-capmkt_AmountOfTotalFinancialIndebtednessOfTheListedEntityIncludingShortTermAndLongTermDebtAtTheEndOfPeriod,xbrli:monetaryItemType,,xbrli:item,debit,instant,false,true,,,,,
283,in-capmkt,DetailsOfImpactOfAuditQualificationAbstract,in-capmkt_DetailsOfImpactOfAuditQualificationAbstract,xbrli:stringItemType,,xbrli:item,,duration,true,true,,,,,
284,in-capmkt,DetailsOfSignatoriesOfImpactOfAuditQualificationAbstract,in-capmkt_DetailsOfSignatoriesOfImpactOfAuditQualificationAbstract,xbrli:stringItemType,,xbrli:item,,duration,true,true,,,,,
285,in-capmkt,NameOfCEOOrManagingDirectorAsSignatoryOfImpactOfAuditQualification,in-capmkt_NameOfCEOOrManagingDirectorAsSignatoryOfImpactOfAuditQualification,xbrli:stringItemType,,xbrli:item,,duration,false,true,,,,,
286,in-capmkt,NameOfCFOAsASignatoryOfImpactOfAuditQualification,in-capmkt_NameOfCFOAsASignatoryOfImpactOfAuditQualification,xbrli:stringItemType,,xbrli:item,,duration,false,true,,,,,
287,in-capmkt,NameOfChairmanOfAuditCommitteeAsASignatoryOfImpactOfAuditQualification,in-capmkt_NameOfChairmanOfAuditCommitteeAsASignatoryOfImpactOfAuditQualification,xbrli:stringItemType,,xbrli:item,,duration,false,true,,,,,
288,in-capmkt,NameOfStatutoryAuditorAsASignatoryOfImpactOfAuditQualification,in-capmkt_NameOfStatutoryAuditorAsASignatoryOfImpactOfAuditQualification,xbrli:stringItemType,,xbrli:item,,duration,false,true,,,,,
289,in-capmkt,NameAndDesignationOfOtherPersonAsASignatoryOfImpactOfAuditQualification,in-capmkt_NameAndDesignationOfOtherPersonAsASignatoryOfImpactOfAuditQualification,xbrli:stringItemType,,xbrli:item,,duration,false,true,,,,,
290,in-capmkt,PlaceOfSignatoryOfImpactOfAuditQualification,in-capmkt_PlaceOfSignatoryOfImpactOfAuditQualification,xbrli:stringItemType,,xbrli:item,,duration,false,true,,,,,
291,in-capmkt,DateOfSignatoryOfImpactOfAuditQualification,in-capmkt_DateOfSignatoryOfImpactOfAuditQualification,xbrli:dateItemType,,xbrli:item,,duration,false,true,,,,,
292,in-capmkt,ValueOfTheRelatedPartyTransactionRatifiedByTheAuditCommittee,in-capmkt_ValueOfTheRelatedPartyTransactionRatifiedByTheAuditCommittee,xbrli:monetaryItemType,,xbrli:item,,duration,false,true,,,,,
293,in-capmkt,StatementOfDeviationOrVariationInUtilisationOfFundsRaisedAbstract,in-capmkt_StatementOfDeviationOrVariationInUtilisationOfFundsRaisedAbstract,xbrli:stringItemType,,xbrli:item,,duration,true,true,,,,,
294,in-capmkt,TypedDefaultAbstract,in-capmkt_TypedDefaultAbstract,xbrli:stringItemType,,xbrli:item,,duration,true,true,,,,,
295,in-capmkt,TypedDefaultTable,in-capmkt_TypedDefaultTable,xbrli:stringItemType,,xbrldt:hypercubeItem,,duration,true,true,,,,,
296,in-capmkt,TypedDefaultAxis,in-capmkt_TypedDefaultAxis,xbrli:stringItemType,,xbrldt:dimensionItem,,duration,true,true,,,,,
297,in-capmkt,TypedDefaultDomain,in-capmkt_TypedDefaultDomain,nonnum:domainItemType,,xbrli:item,,duration,true,true,,,,,
298,in-capmkt,DateOfAuditCommitteeMeetingWhereTheRatificationWasApproved,in-capmkt_DateOfAuditCommitteeMeetingWhereTheRatificationWasApproved,xbrli:dateItemType,,xbrli:item,,duration,false,true,,,,,
299,in-capmkt,StatementOfFinancialResultsByBanksAbstract,in-capmkt_StatementOfFinancialResultsByBanksAbstract,xbrli:stringItemType,,xbrli:item,,duration,true,true,,,,,
300,in-capmkt,DisclosureOfOperationalResultAbstract,in-capmkt_DisclosureOfOperationalResultAbstract,xbrli:stringItemType,,xbrli:item,,duration,true,true,,,,,
301,in-capmkt,DisclosureOfRevenueFromOperationsAbstract,in-capmkt_DisclosureOfRevenueFromOperationsAbstract,xbrli:stringItemType,,xbrli:item,,duration,true,true,,,,,
302,in-capmkt,InterestEarnedAbstract,in-capmkt_InterestEarnedAbstract,xbrli:stringItemType,,xbrli:item,,duration,true,true,,,,,
303,in-capmkt,InterestOrDiscountOnAdvancesOrBills,in-capmkt_InterestOrDiscountOnAdvancesOrBills,xbrli:monetaryItemType,,xbrli:item,credit,duration,false,true,,,,,
304,in-capmkt,RevenueOnInvestments,in-capmkt_RevenueOnInvestments,xbrli:monetaryItemType,,xbrli:item,credit,duration,false,true,,,,,
305,in-capmkt,InterestOnBalancesWithReserveBankOfIndiaAndOtherInterBankFunds,in-capmkt_InterestOnBalancesWithReserveBankOfIndiaAndOtherInterBankFunds,xbrli:monetaryItemType,,xbrli:item,credit,duration,false,true,,,,,
306,in-capmkt,OtherInterest,in-capmkt_OtherInterest,xbrli:monetaryItemType,,xbrli:item,credit,duration,false,true,,,,,
307,in-capmkt,InterestEarned,in-capmkt_InterestEarned,xbrli:monetaryItemType,,xbrli:item,credit,duration,false,true,,,,,
308,in-capmkt,InterestExpended,in-capmkt_InterestExpended,xbrli:monetaryItemType,,xbrli:item,debit,duration,false,true,,,,,
309,in-capmkt,OperatingExpensesAbstract,in-capmkt_OperatingExpensesAbstract,xbrli:stringItemType,,xbrli:item,,duration,true,true,,,,,
310,in-capmkt,EmployeesCost,in-capmkt_EmployeesCost,xbrli:monetaryItemType,,xbrli:item,debit,duration,false,true,,,,,
311,in-capmkt,OtherOperatingExpenses,in-capmkt_OtherOperatingExpenses,xbrli:monetaryItemType,,xbrli:item,debit,duration,false,true,,,,,
312,in-capmkt,OperatingExpenses,in-capmkt_OperatingExpenses,xbrli:monetaryItemType,,xbrli:item,debit,duration,false,true,,,,,
313,in-capmkt,ExpenditureExcludingProvisionsAndContingencies,in-capmkt_ExpenditureExcludingProvisionsAndContingencies,xbrli:monetaryItemType,,xbrli:item,debit,duration,false,true,,,,,
314,in-capmkt,OperatingProfitBeforeProvisionAndContingencies,in-capmkt_OperatingProfitBeforeProvisionAndContingencies,xbrli:monetaryItemType,,xbrli:item,credit,duration,false,true,,,,,
315,in-capmkt,ProvisionsOtherThanTaxAndContingencies,in-capmkt_ProvisionsOtherThanTaxAndContingencies,xbrli:monetaryItemType,,xbrli:item,debit,duration,false,true,,,,,
316,in-capmkt,ExceptionalItems,in-capmkt_ExceptionalItems,xbrli:monetaryItemType,,xbrli:item,credit,duration,false,true,,,,,
317,in-capmkt,ProfitLossFromOrdinaryActivitiesBeforeTax,in-capmkt_ProfitLossFromOrdinaryActivitiesBeforeTax,xbrli:monetaryItemType,,xbrli:item,credit,duration,false,true,,,,,
318,in-capmkt,ProfitLossFromOrdinaryActivitiesAfterTax,in-capmkt_ProfitLossFromOrdinaryActivitiesAfterTax,xbrli:monetaryItemType,,xbrli:item,credit,duration,false,true,,,,,
319,in-capmkt,ExtraordinaryItems,in-capmkt_ExtraordinaryItems,xbrli:monetaryItemType,,xbrli:item,credit,duration,false,true,,,,,
320,in-capmkt,ProfitLossForThePeriod,in-capmkt_ProfitLossForThePeriod,xbrli:monetaryItemType,,xbrli:item,credit,duration,false,true,,,,,
321,in-capmkt,ShareOfProfitLossOfAssociates,in-capmkt_ShareOfProfitLossOfAssociates,xbrli:monetaryItemType,,xbrli:item,credit,duration,false,true,,,,,
322,in-capmkt,ProfitLossAfterTaxesMinorityInterestAndShareOfProfitLossOfAssociates,in-capmkt_ProfitLossAfterTaxesMinorityInterestAndShareOfProfitLossOfAssociates,xbrli:monetaryItemType,,xbrli:item,credit,duration,false,true,,,,,
323,in-capmkt,AnalyticalRatiosAbstract,in-capmkt_AnalyticalRatiosAbstract,xbrli:stringItemType,,xbrli:item,,duration,true,true,,,,,
324,in-capmkt,PercentageOfShareHeldByGovernmentOfIndia,in-capmkt_PercentageOfShareHeldByGovernmentOfIndia,num:percentItemType,,xbrli:item,,duration,false,true,,,,,
325,in-capmkt,CapitalAdequacyRatioAbstract,in-capmkt_CapitalAdequacyRatioAbstract,xbrli:stringItemType,,xbrli:item,,duration,true,true,,,,,
326,in-capmkt,EarningsPerShareBeforeExtraordinaryItemsAbstract,in-capmkt_EarningsPerShareBeforeExtraordinaryItemsAbstract,xbrli:stringItemType,,xbrli:item,,duration,true,true,,,,,
327,in-capmkt,BasicEarningsPerShareBeforeExtraordinaryItems,in-capmkt_BasicEarningsPerShareBeforeExtraordinaryItems,num:perShareItemType,,xbrli:item,,duration,false,true,,,,,
328,in-capmkt,DilutedEarningsPerShareBeforeExtraordinaryItems,in-capmkt_DilutedEarningsPerShareBeforeExtraordinaryItems,num:perShareItemType,,xbrli:item,,duration,false,true,,,,,
329,in-capmkt,EarningsPerShareAfterExtraordinaryItemsAbstract,in-capmkt_EarningsPerShareAfterExtraordinaryItemsAbstract,xbrli:stringItemType,,xbrli:item,,duration,true,true,,,,,
330,in-capmkt,BasicEarningsPerShareAfterExtraordinaryItems,in-capmkt_BasicEarningsPerShareAfterExtraordinaryItems,num:perShareItemType,,xbrli:item,,duration,false,true,,,,,
331,in-capmkt,DilutedEarningsPerShareAfterExtraordinaryItems,in-capmkt_DilutedEarningsPerShareAfterExtraordinaryItems,num:perShareItemType,,xbrli:item,,duration,false,true,,,,,
332,in-capmkt,NpaRatiosAbstract,in-capmkt_NpaRatiosAbstract,xbrli:stringItemType,,xbrli:item,,duration,true,true,,,,,
333,in-capmkt,GrossNonPerformingAssets,in-capmkt_GrossNonPerformingAssets,xbrli:monetaryItemType,,xbrli:item,,duration,false,true,,,,,
334,in-capmkt,PercentageOfGrossNpa,in-capmkt_PercentageOfGrossNpa,num:percentItemType,,xbrli:item,,duration,false,true,,,,,
335,in-capmkt,NonPerformingAssets,in-capmkt_NonPerformingAssets,xbrli:monetaryItemType,,xbrli:item,,duration,false,true,,,,,
336,in-capmkt,PercentageOfNpa,in-capmkt_PercentageOfNpa,num:percentItemType,,xbrli:item,,duration,false,true,,,,,
337,in-capmkt,ReturnOnAssets,in-capmkt_ReturnOnAssets,num:percentItemType,,xbrli:item,,duration,false,true,,,,,
338,in-capmkt,CapitalAndLiabilitiesAbstract,in-capmkt_CapitalAndLiabilitiesAbstract,xbrli:stringItemType,,xbrli:item,,duration,true,true,,,,,
339,in-capmkt,Capital,in-capmkt_Capital,xbrli:monetaryItemType,,xbrli:item,credit,instant,false,true,,,,,
340,in-capmkt,ReservesAndSurplus,in-capmkt_ReservesAndSurplus,xbrli:monetaryItemType,,xbrli:item,credit,instant,false,true,,,,,
341,in-capmkt,Deposits,in-capmkt_Deposits,xbrli:monetaryItemType,,xbrli:item,credit,instant,false,true,,,,,
342,in-capmkt,Borrowings,in-capmkt_Borrowings,xbrli:monetaryItemType,,xbrli:item,credit,instant,false,true,,,,,
343,in-capmkt,OtherLiabilitiesAndProvisions,in-capmkt_OtherLiabilitiesAndProvisions,xbrli:monetaryItemType,,xbrli:item,credit,instant,false,true,,,,,
344,in-capmkt,CapitalAndLiabilities,in-capmkt_CapitalAndLiabilities,xbrli:monetaryItemType,,xbrli:item,credit,instant,false,true,,,,,
345,in-capmkt,CashAndBalancesWithReserveBankOfIndia,in-capmkt_CashAndBalancesWithReserveBankOfIndia,xbrli:monetaryItemType,,xbrli:item,debit,instant,false,true,,,,,
346,in-capmkt,BalancesWithBanksAndMoneyAtCallAndShortNotice,in-capmkt_BalancesWithBanksAndMoneyAtCallAndShortNotice,xbrli:monetaryItemType,,xbrli:item,debit,instant,false,true,,,,,
347,in-capmkt,Investments,in-capmkt_Investments,xbrli:monetaryItemType,,xbrli:item,debit,instant,false,true,,,,,
348,in-capmkt,Advances,in-capmkt_Advances,xbrli:monetaryItemType,,xbrli:item,debit,instant,false,true,,,,,
349,in-capmkt,FixedAssets,in-capmkt_FixedAssets,xbrli:monetaryItemType,,xbrli:item,debit,instant,false,true,,,,,
350,in-capmkt,OtherAssets,in-capmkt_OtherAssets,xbrli:monetaryItemType,,xbrli:item,debit,instant,false,true,,,,,
351,in-capmkt,ProfitLossOfMinorityInterest,in-capmkt_ProfitLossOfMinorityInterest,xbrli:monetaryItemType,,xbrli:item,debit,duration,false,true,,,,,
352,in-capmkt,CET1Ratio,in-capmkt_CET1Ratio,num:percentItemType,,xbrli:item,,duration,false,true,,,,,
353,in-capmkt,AdditionalTier1Ratio,in-capmkt_AdditionalTier1Ratio,num:percentItemType,,xbrli:item,,duration,false,true,,,,,
354,in-capmkt,ProfitBeforeExtraordinaryItemsAndTax,in-capmkt_ProfitBeforeExtraordinaryItemsAndTax,xbrli:monetaryItemType,,xbrli:item,credit,duration,false,true,,,,,
355,in-capmkt,DetailsOfOtherOperatingExpensesAbstract,in-capmkt_DetailsOfOtherOperatingExpensesAbstract,xbrli:stringItemType,,xbrli:item,,duration,true,true,,,,,
356,in-capmkt,DetailsOfOtherOperatingExpensesTable,in-capmkt_DetailsOfOtherOperatingExpensesTable,xbrli:stringItemType,,xbrldt:hypercubeItem,,duration,true,true,,,,,
357,in-capmkt,DetailsOfOtherOperatingExpensesAxis,in-capmkt_DetailsOfOtherOperatingExpensesAxis,xbrli:stringItemType,,xbrldt:dimensionItem,,duration,true,true,,,,,
358,in-capmkt,OtherOperatingExpensesMember,in-capmkt_OtherOperatingExpensesMember,nonnum:domainItemType,,xbrli:item,,duration,true,true,,,,,
359,in-capmkt,OtherOperatingExpenses1Member,in-capmkt_OtherOperatingExpenses1Member,nonnum:domainItemType,,xbrli:item,,duration,true,true,,,,,
360,in-capmkt,OtherOperatingExpenses2Member,in-capmkt_OtherOperatingExpenses2Member,nonnum:domainItemType,,xbrli:item,,duration,true,true,,,,,
361,in-capmkt,OtherOperatingExpenses3Member,in-capmkt_OtherOperatingExpenses3Member,nonnum:domainItemType,,xbrli:item,,duration,true,true,,,,,
362,in-capmkt,OtherOperatingExpenses4Member,in-capmkt_OtherOperatingExpenses4Member,nonnum:domainItemType,,xbrli:item,,duration,true,true,,,,,
363,in-capmkt,OtherOperatingExpenses5Member,in-capmkt_OtherOperatingExpenses5Member,nonnum:domainItemType,,xbrli:item,,duration,true,true,,,,,
364,in-capmkt,OtherOperatingExpenses6Member,in-capmkt_OtherOperatingExpenses6Member,nonnum:domainItemType,,xbrli:item,,duration,true,true,,,,,
365,in-capmkt,OtherOperatingExpenses7Member,in-capmkt_OtherOperatingExpenses7Member,nonnum:domainItemType,,xbrli:item,,duration,true,true,,,,,
366,in-capmkt,OtherOperatingExpenses8Member,in-capmkt_OtherOperatingExpenses8Member,nonnum:domainItemType,,xbrli:item,,duration,true,true,,,,,
367,in-capmkt,OtherOperatingExpenses9Member,in-capmkt_OtherOperatingExpenses9Member,nonnum:domainItemType,,xbrli:item,,duration,true,true,,,,,
368,in-capmkt,OtherOperatingExpenses10Member,in-capmkt_OtherOperatingExpenses10Member,nonnum:domainItemType,,xbrli:item,,duration,true,true,,,,,
369,in-capmkt,DetailsOfOtherOperatingExpensesLineItems,in-capmkt_DetailsOfOtherOperatingExpensesLineItems,xbrli:stringItemType,,xbrli:item,,duration,true,true,,,,,
370,in-capmkt,DescriptionOfOperatingExpenses,in-capmkt_DescriptionOfOperatingExpenses,xbrli:stringItemType,,xbrli:item,,duration,false,true,,,,,
371,in-capmkt,ReceiptsFromFutureContractsForwardContractsOptionsContractsAndSwapContractsHeldForDealingOrTradingPurpose,in-capmkt_ReceiptsFromFutureContractsForwardContractsOptionsContractsAndSwapContractsHeldForDealingOrTradingPurpose,xbrli:monetaryItemType,,xbrli:item,debit,duration,false,true,,,,,
372,in-capmkt,ClassesOfCashPaymentsAbstract,in-capmkt_ClassesOfCashPaymentsAbstract,xbrli:stringItemType,,xbrli:item,,duration,true,true,,,,,
373,in-capmkt,AdjustmentsToProfitLossAbstract,in-capmkt_AdjustmentsToProfitLossAbstract,xbrli:stringItemType,,xbrli:item,,duration,true,true,,,,,
374,in-capmkt,AdjustmentsToProfitLoss,in-capmkt_AdjustmentsToProfitLoss,xbrli:monetaryItemType,,xbrli:item,debit,duration,false,true,,,,,
375,in-capmkt,AdjustmentsForWorkingCapitalAbstract,in-capmkt_AdjustmentsForWorkingCapitalAbstract,xbrli:stringItemType,,xbrli:item,,duration,true,true,,,,,
376,in-capmkt,AdjustmentsForDecreaseIncreaseInTradeReceivables,in-capmkt_AdjustmentsForDecreaseIncreaseInTradeReceivables,xbrli:monetaryItemType,,xbrli:item,debit,duration,false,true,,,,,
377,in-capmkt,AdjustmentsForIncreaseDecreaseInTradePayables,in-capmkt_AdjustmentsForIncreaseDecreaseInTradePayables,xbrli:monetaryItemType,,xbrli:item,debit,duration,false,true,,,,,
378,in-capmkt,AdjustmentsForProvisions,in-capmkt_AdjustmentsForProvisions,xbrli:monetaryItemType,,xbrli:item,debit,duration,false,true,,,,,
379,in-capmkt,AdjustmentsForWorkingCapital,in-capmkt_AdjustmentsForWorkingCapital,xbrli:monetaryItemType,,xbrli:item,debit,duration,false,true,,,,,
380,in-capmkt,RemarksForTotalOutstandingOfLoansOrRevolvingFacilitiesAtTheEndOfPeriod,in-capmkt_RemarksForTotalOutstandingOfLoansOrRevolvingFacilitiesAtTheEndOfPeriod,nonnum:textBlockItemType,,xbrli:item,,duration,false,true,,,,,
381,in-capmkt,RemarksForDefaultOutOfTotalOutstandingAmountOfLoansOrRevolvingFacilitiesAtTheEndOfPeriod,in-capmkt_RemarksForDefaultOutOfTotalOutstandingAmountOfLoansOrRevolvingFacilitiesAtTheEndOfPeriod,nonnum:textBlockItemType,,xbrli:item,,duration,false,true,,,,,
382,in-capmkt,RemarksForTotalOutstandingUnlistedDebtSecuritiesAtTheEndOfPeriod,in-capmkt_RemarksForTotalOutstandingUnlistedDebtSecuritiesAtTheEndOfPeriod,nonnum:textBlockItemType,,xbrli:item,,duration,false,true,,,,,
383,in-capmkt,RemarksForDefaultOutOfTotalOutstandingAmountOfUnlistedDebtSecuritiesAtTheEndOfPeriod,in-capmkt_RemarksForDefaultOutOfTotalOutstandingAmountOfUnlistedDebtSecuritiesAtTheEndOfPeriod,nonnum:textBlockItemType,,xbrli:item,,duration,false,true,,,,,
384,in-capmkt,RemarksForTotalFinancialIndebtednessOfTheListedEntityIncludingShortTermAndLongTermDebtAtTheEndOfPeriod,in-capmkt_RemarksForTotalFinancialIndebtednessOfTheListedEntityIncludingShortTermAndLongTermDebtAtTheEndOfPeriod,nonnum:textBlockItemType,,xbrli:item,,duration,false,true,,,,,
385,in-capmkt,WhetherResultsAreAuditedOrUnauditedForImpactOfAuditQualification,in-capmkt_WhetherResultsAreAuditedOrUnauditedForImpactOfAuditQualification,in-capmkt-types:AuditedUnaudited,(Audited) (Unaudited) ,xbrli:item,,duration,false,true,,,,,
386,in-capmkt,PaymentsToFutureContractsForwardContractsOptionsContractsAndSwapContractsHeldForDealingOrTradingPurpose,in-capmkt_PaymentsToFutureContractsForwardContractsOptionsContractsAndSwapContractsHeldForDealingOrTradingPurpose,xbrli:monetaryItemType,,xbrli:item,credit,duration,false,true,,,,,
387,in-capmkt,CashFlowsFromUsedInOperatingActivitiesBeforeExtraordinaryItems,in-capmkt_CashFlowsFromUsedInOperatingActivitiesBeforeExtraordinaryItems,xbrli:monetaryItemType,,xbrli:item,,duration,false,true,,,,,
388,in-capmkt,ProceedsFromExtraordinaryItemsClassifiedAsOperatingActivities,in-capmkt_ProceedsFromExtraordinaryItemsClassifiedAsOperatingActivities,xbrli:monetaryItemType,,xbrli:item,debit,duration,false,true,,,,,
389,in-capmkt,PaymentForExtraordinaryItemsClassifiedAsOperatingActivities,in-capmkt_PaymentForExtraordinaryItemsClassifiedAsOperatingActivities,xbrli:monetaryItemType,,xbrli:item,credit,duration,false,true,,,,,
390,in-capmkt,ProceedsFromSalesOfTangibleAssetsClassifiedAsInvestingActivities,in-capmkt_ProceedsFromSalesOfTangibleAssetsClassifiedAsInvestingActivities,xbrli:monetaryItemType,,xbrli:item,debit,duration,false,true,,,,,
391,in-capmkt,PurchaseOfTangibleAssetsClassifiedAsInvestingActivities,in-capmkt_PurchaseOfTangibleAssetsClassifiedAsInvestingActivities,xbrli:monetaryItemType,,xbrli:item,credit,duration,false,true,,,,,
392,in-capmkt,CashFlowsFromUsedInInvestingActivitiesBeforeExtraordinaryItems,in-capmkt_CashFlowsFromUsedInInvestingActivitiesBeforeExtraordinaryItems,xbrli:monetaryItemType,,xbrli:item,debit,duration,false,true,,,,,
393,in-capmkt,ProceedsFromExtraordinaryItemsClassifiedAsInvestingActivities,in-capmkt_ProceedsFromExtraordinaryItemsClassifiedAsInvestingActivities,xbrli:monetaryItemType,,xbrli:item,debit,duration,false,true,,,,,
394,in-capmkt,PaymentForExtraordinaryItemsClassifiedAsInvestingActivities,in-capmkt_PaymentForExtraordinaryItemsClassifiedAsInvestingActivities,xbrli:monetaryItemType,,xbrli:item,credit,duration,false,true,,,,,
395,in-capmkt,ProceedsFromIssuingShares,in-capmkt_ProceedsFromIssuingShares,xbrli:monetaryItemType,,xbrli:item,debit,duration,false,true,,,,,
396,in-capmkt,CashFlowsFromUsedInFinancingActivitiesBeforeExtraordinaryItems,in-capmkt_CashFlowsFromUsedInFinancingActivitiesBeforeExtraordinaryItems,xbrli:monetaryItemType,,xbrli:item,debit,duration,false,true,,,,,
397,in-capmkt,ProceedsFromExtraordinaryItemsClassifiedAsFinancingActivities,in-capmkt_ProceedsFromExtraordinaryItemsClassifiedAsFinancingActivities,xbrli:monetaryItemType,,xbrli:item,debit,duration,false,true,,,,,
398,in-capmkt,PaymentForExtraordinaryItemsClassifiedAsFinancingActivities,in-capmkt_PaymentForExtraordinaryItemsClassifiedAsFinancingActivities,xbrli:monetaryItemType,,xbrli:item,credit,duration,false,true,,,,,